,magnitude,min_diameter,max_diameter,speed,miss_distance,target
(2003 MS2),21.21,152.249185036,340.4395272595,10.5222878814,7299471.269913047,1.0
(2006 KQ1),22.03,104.3650238292,233.3672877555,8.0651858514,41865069.446606,0.0
(2010 JK33),20.9,175.6123184804,392.6810818086,11.0447156979,10705770.772865206,1.0
(2014 MY26),22.0,105.8168859331,236.6137501138,19.6576411099,38848573.14442939,0.0
(2016 BC14),20.98,169.2602494573,378.4774236751,6.7204078718,26379141.44398034,1.0
(2016 NB1),23.9,44.1118199997,98.6370281305,8.4856494198,6607006.390948033,0.0
(2016 VO1),23.08,64.3509520622,143.893103228,17.2150066442,41099033.57021704,0.0
(2017 AH13),21.41,138.852907036,310.4845390059,19.5307455328,30468181.495937917,0.0
(2020 BE),21.95,108.2816778403,242.1251923687,27.2216302584,29704395.30807902,0.0
(2020 HO10),21.57,128.9896833431,288.4297003513,9.5079997429,14695517.161831576,0.0
(2020 KY5),21.5,133.2155666981,297.8790627982,10.5216436357,34764367.54732585,0.0
(2020 MY),20.61,200.7035141135,448.7867008808,16.8085297941,21071039.975769304,0.0
(2020 MO3),24.6,31.9561886721,71.4562101727,4.2066922996,10516608.998290738,0.0
(2020 NB),26.18,15.4367182177,34.5175512843,8.3495650961,110857.6720117682,0.0
(2020 NH),25.1,25.3837029364,56.7596852866,13.742335227,4958528.731556772,0.0
(2020 NC1),22.82,72.536229467,162.1959399198,5.6673692737,10861592.65553207,0.0
(2020 ON6),24.0,42.1264610556,94.1976305719,7.3264478797,10316792.480503261,0.0
(2020 DP16),25.58,20.3495578117,45.502994579,16.7133937691,37721182.1784729,0.0
(2023 XH7),27.6,8.0270316728,17.948988478,21.8767638756,6046995.429786736,0.0
288592 (2004 JW20),20.87,178.0553291829,398.1438198091,13.326310708,43101536.5307788,0.0
467963 (2012 JT17),18.74,474.8483973957,1061.7932955836,18.572828585,31884477.480215814,0.0
(2006 MH10),22.06,102.9330820202,230.1653685307,16.3060833573,42994348.30780005,0.0
(2008 KD6),19.6,319.5618867213,714.5621017269,23.2717268695,34348082.352890566,0.0
(2010 FV9),25.4,22.1082810359,49.435619262,8.5589299536,42631309.87224607,0.0
(2015 XW261),21.39,140.1376971662,313.3574170739,21.8414149303,13349703.420864703,0.0
(2016 DP2),25.9,17.561231848,39.2681081809,5.5916058801,24747607.406379115,0.0
(2016 QA11),24.7,30.5179232594,68.2401509401,3.7587856504,45269633.61338943,0.0
(2017 BY),25.5,21.113244479,47.2106498806,7.4689741362,42201532.34707267,0.0
(2017 EK),24.24,37.7185489265,84.3412394123,21.7379031069,39223085.886651136,0.0
(2019 WO4),23.66,49.2668705504,110.1640715893,5.4532957816,33886002.331900105,0.0
(2020 JS15),21.2,152.9519353442,342.0109247198,4.1499368162,42941006.93849939,0.0
(2020 MO),24.9,27.8326768072,62.2357573367,9.5684235549,2221010.3997202385,0.0
(2020 MT2),24.0,42.1264610556,94.1976305719,8.4391638881,3832320.591049298,0.0
(2020 MU3),24.5,33.4622374455,74.8238376074,9.310973303,5489109.298916891,0.0
(2020 VH2),28.2,6.0891262211,13.6157001539,4.368311835,43608710.14761074,0.0
(2020 VP5),23.8,46.1907460282,103.2856480504,9.469250849,32516506.388967898,0.0
(2020 JL31),21.31,145.3968429372,325.1172245215,5.9012450635,36681353.23928209,0.0
(2022 DV1),24.94,27.3246732042,61.0998267476,13.4630727235,43399112.23429436,0.0
620062 (2008 KD6),19.68,308.003021266,688.7156928262,23.2717156719,34348094.62305696,0.0
(2023 OG11),25.17,24.5784774633,54.9591463913,18.9374715199,45096349.35046599,0.0
(2024 AA1),23.35,56.827032339,127.0691072695,8.1911432563,37837557.54910395,0.0
169675 (2002 JM97),16.67,1231.8419126591,2754.482254239,6.8107995404,26391709.682459857,0.0
357622 (2005 EY95),20.32,229.3796979965,512.9085973785,10.8436008256,37787124.432332136,1.0
(2007 UN12),28.7,4.8367648822,10.8153350678,2.9351277391,4140800.847210912,0.0
(2013 FZ7),22.9,69.9125232246,156.3291544087,14.1023855717,39687996.923191234,0.0
(2017 OV68),21.61,126.6353562929,283.1652650258,3.8762331238,36835641.14664717,0.0
(2017 VE15),24.8,29.1443904535,65.1688382168,6.2534919328,43862763.31065761,0.0
(2017 YD8),21.87,112.3453176718,251.2117672679,12.7417292183,41049255.11330014,1.0
(2018 NP1),20.94,172.4070324371,385.5138443284,14.0748720817,27332246.269336328,0.0
(2018 XB4),24.0,42.1264610556,94.1976305719,13.6399943315,22595997.83930522,0.0
(2020 LS),23.3,58.1507039646,130.0289270043,11.5305714539,4613049.889441297,0.0
(2020 NJ),22.6,80.2703167283,179.4898847799,23.2691626549,4600900.398276647,0.0
(2020 OL2),24.88,28.0902093949,62.8116177092,4.4418303534,13778552.475561038,0.0
(2020 OW4),23.8,46.1907460282,103.2856480504,6.9437152617,14201747.558426486,0.0
(2021 AC),23.68,48.8151891662,109.1540813101,16.539713313,41001619.61305686,0.0
(2021 NO1),25.08,25.6185754479,57.2848761883,16.9528628499,38469742.437698506,0.0
585428 (2018 NP1),20.97,170.0415192713,380.2243960879,14.0748733293,27332246.92002697,0.0
(2020 DP14),30.31,2.3043846658,5.152760759,3.7435338255,28140824.197647866,0.0
420591 (2012 HF31),19.51,333.0849242994,744.8005330139,20.7826706321,32669504.56241148,0.0
456946 (2008 AF32),21.26,148.7835704774,332.6901775226,14.8540091778,23809832.871139806,0.0
484462 (2008 CM20),21.46,135.6922289935,303.4170480479,10.7506352022,33424093.60057335,0.0
(2003 GJ21),22.9,69.9125232246,156.3291544087,14.3368550373,36852796.819221854,0.0
(2009 EF3),21.57,128.9896833431,288.4297003513,20.9271368238,43010426.2321688,0.0
(2010 EC135),20.3,231.5021222103,517.6544821978,6.3892184982,17509572.79452175,0.0
(2010 LU108),19.95,271.9912773482,608.1909854376,21.3955234495,21906711.50976173,0.0
(2012 BS23),21.5,133.2155666981,297.8790627982,13.2570903264,6423999.9918220155,1.0
(2014 AN51),20.46,215.0576900016,480.8836139277,13.1941081469,20856135.39210442,0.0
(2016 AF193),21.9,110.8038821264,247.7650126055,13.509962774,36135628.26553054,0.0
(2016 TP18),24.78,29.4140601781,65.7718380526,23.3958489123,8071062.77089015,0.0
(2020 KD7),20.09,255.0086878569,570.2167609011,27.8186404785,23730923.33811705,0.0
(2020 ME1),26.0,16.7708462163,37.5007521798,10.9240415826,471662.4353210418,0.0
(2020 OE1),22.0,105.8168859331,236.6137501138,15.4727467122,13083682.839190384,0.0
(2021 KQ1),27.91,6.9591304358,15.5610887188,7.9676412079,35670195.42157346,0.0
(2022 QN1),23.43,54.7715430947,122.4728935923,10.8223492316,36062928.90540387,0.0
(2023 ME6),22.35,90.0647767018,201.3909630836,13.6782156045,31979530.48074614,0.0
(2023 YC2),27.23,9.5182032982,21.2833495984,21.6794939556,23733568.683739778,0.0
(2007 BE49),21.47,135.0687798326,302.0229733436,28.4155188474,36266040.390464306,0.0
(2016 GG216),23.15,62.3096019112,139.3285055244,17.3455824683,45464176.02324724,0.0
(2018 YM2),24.7,30.5179232594,68.2401509401,20.2917603181,44764008.20339317,0.0
(2020 JX1),23.81,45.9785188279,102.811093604,4.9988149788,790049.800443588,0.0
(2020 KJ2),23.14,62.597209966,139.9716166857,4.1084906805,21464533.856683955,0.0
(2020 LT),24.48,33.7718597164,75.5161740526,8.6837717736,6502093.586666447,0.0
(2020 PC7),21.7,121.4940407996,271.6689340891,8.4412541609,26278977.789009616,0.0
(2021 AR2),26.3,14.6067964271,32.6617897446,8.8201578753,44211030.28780942,0.0
(2021 AD5),28.3,5.8150703965,13.0028927004,5.0649707631,13511590.930149324,0.0
(2021 AD6),23.56,51.5887466264,115.3559443307,5.5624373997,26346976.625007544,0.0
(2021 VT8),25.46,21.5057690002,48.0883613928,20.1960817287,42188523.25638761,0.0
(2022 AB),23.6,50.6471458835,113.2504610618,5.674551915,14841127.68188889,0.0
(2023 XF),23.31,57.8835257491,129.4314983525,8.6697464597,36592765.4823795,0.0
428086 (2006 NM),16.33,1440.6383666875,3221.3653189076,18.5523953455,31326777.44686958,0.0
(2001 QE34),19.09,404.1615334029,903.7326625794,17.6789597222,33488347.832769115,0.0
(2007 HX82),20.6,201.6299194428,450.8582061718,5.5236431095,28716014.776859898,0.0
(2010 WS),24.9,27.8326768072,62.2357573367,13.280269646,34906861.147661015,0.0
(2012 KF47),21.07,162.3883902199,363.1114792885,12.0045842289,15703870.502873179,0.0
(2015 KT120),25.1,25.3837029364,56.7596852866,8.2593371848,22759290.106025692,0.0
(2016 JN),23.4,55.5334911581,124.1766612574,6.0923649168,10303703.68951014,0.0
(2018 BN3),20.36,225.1930466786,503.5469604336,13.9016266516,31696724.162718277,0.0
(2018 CC1),23.5,53.0340723319,118.5877908577,19.7210038549,44124488.413832255,0.0
(2018 RD4),28.5,5.3034072332,11.8587790858,17.8275950713,39876792.13584033,0.0
(2020 AP3),26.6,12.7219878539,28.4472296503,6.4355718911,22163450.463502526,0.0
(2020 LS2),23.5,53.0340723319,118.5877908577,3.2122499148,22722993.94991545,0.0
(2020 MV1),24.4,35.0392641108,78.3501764334,5.6294189588,11549651.782524746,0.0
(2020 MG4),24.1,40.2304579834,89.9580388169,6.0342685504,6384042.009054855,0.0
(2020 NG1),22.8,73.2073989347,163.696720474,8.8084237705,11902119.237342494,0.0
(2020 PZ4),24.1,40.2304579834,89.9580388169,3.707869996,18865308.703290123,0.0
(2023 DT),22.7,76.6575573531,171.4115092306,26.0977118214,33958853.665474005,0.0
(2012 MO3),20.89,176.4229081128,394.4936153285,27.962367799,43482227.08798056,0.0
(2017 KG3),24.7,30.5179232594,68.2401509401,10.2388950039,41691698.037614435,0.0
(2019 AC3),27.3,9.216265485,20.6081961232,3.3810341906,2506421.0419736425,0.0
(2020 AP2),24.8,29.1443904535,65.1688382168,14.8625311737,35747929.7887056,0.0
(2020 AH3),24.3,36.6906137531,82.0427064882,15.5705857423,15507168.636686184,0.0
(2020 KP7),21.9,110.8038821264,247.7650126055,12.554859554,25327230.834180932,0.0
(2020 KV7),22.68,77.3668609982,172.9975603978,3.155895166,27534951.147110157,0.0
(2020 MB3),22.6,80.2703167283,179.4898847799,8.4247062673,31869490.429412786,0.0
(2020 MK3),25.8,18.388867207,41.1187571041,8.3570754505,440772.124108731,0.0
(2020 MW3),23.4,55.5334911581,124.1766612574,6.3143769231,20553386.605029155,0.0
(2020 NC),22.16,98.3003301856,219.8062205057,7.9684179788,3980701.919180698,0.0
(2020 YK4),24.82,28.8771930757,64.5713667167,16.8058823802,34607908.29458398,0.0
(2021 GB24),22.89,70.2352247696,157.0507369998,6.8846243201,26533146.115004547,0.0
(2021 NM3),26.61,12.6635356293,28.3165265026,17.1472285881,28643421.033120006,0.0
(2023 MP),25.09,25.5008687857,57.0216760901,28.0549389293,45268829.16454873,0.0
(2023 RW7),24.95,27.1991277348,60.8190985438,4.1724406164,38598839.24727295,0.0
99935 (2002 AV4),16.15,1565.1464359352,3499.7738254925,13.738439767,33542917.76177535,0.0
215588 (2003 HF2),19.42,347.1802220654,776.3185769818,31.5584662967,30583125.997847218,1.0
396593 (2001 HC),19.07,407.9011940281,912.0947979501,17.5848686462,38440683.43952462,0.0
(1997 WQ23),20.8,183.8886720703,411.1875710413,17.9854495487,21703619.303735457,1.0
(2019 NY4),22.4,88.0146520901,196.8067450894,18.5585212087,33115220.252899323,0.0
(2019 XD),27.4,8.801465209,19.6806745089,11.8933240305,27754855.117115658,0.0
(2020 HM1),21.1,160.1603379786,358.1294030194,15.4724654471,37804639.1931854,0.0
(2020 MZ2),23.4,55.5334911581,124.1766612574,6.5485554839,29032608.661957063,0.0
(2020 MC3),22.4,88.0146520901,196.8067450894,10.7260398493,22849394.362538513,0.0
(2021 QC),22.85,71.5409950884,159.9705281956,11.3000919105,41220534.012734,0.0
(2022 SF4),26.96,10.7784168722,24.1012728161,11.0884941067,43894125.43765444,0.0
(2023 BR7),27.73,7.5605776236,16.9059655155,14.4999783594,18953006.928902764,0.0
159608 (2002 AC2),16.59,1278.0709881794,2857.8536096394,32.1109342457,23784541.87374445,0.0
286080 (2001 TX1),21.24,150.1602479051,335.768521834,8.9992387422,25451272.24224607,1.0
66407 (1999 LQ28),19.02,417.4024333919,933.340215038,11.1418552801,27469534.353831075,0.0
(2006 BA9),22.7,76.6575573531,171.4115092306,12.5026914184,34207645.64144825,0.0
(2006 CT),22.28,93.0154253961,207.9888141418,10.7345074384,12437261.926931802,0.0
441987 (2010 NY65),21.36,142.0872067277,317.7166529762,12.8869020626,2334974.385196689,1.0
437844 (1999 MN),21.19,153.6579294004,343.5895754212,13.0925965322,9696987.659950145,1.0
(2005 MN13),20.79,184.7374636151,413.0855266343,12.3627010934,31319096.06243193,0.0
(2006 XO4),23.4,55.5334911581,124.1766612574,15.226351683,39063707.35682184,0.0
405189 (2003 BO1),20.82,182.2027705911,407.4177807305,6.4431794222,39939573.25090051,0.0
(2008 XB2),25.1,25.3837029364,56.7596852866,15.7427197685,14583625.151975283,0.0
(2009 XQ1),22.33,90.8981358201,203.2544107219,12.7901601363,17376579.286855362,0.0
184990 (2006 KE89),16.44,1369.4777372983,3062.2453142716,25.6283029807,39608911.74087746,0.0
469737 (2005 NW44),20.39,222.1032822459,496.6380371276,23.2961269978,33812531.2619676,0.0
(2010 MA),25.7,19.2555078188,43.0566244241,22.7598081909,39974795.72097354,0.0
(2004 MW2),19.3,366.9061375314,820.4270648822,18.5455450777,43058838.04353031,0.0
(2006 DU62),17.99,670.7411893253,1499.8228946405,35.3479361718,36078707.632919855,1.0
(2008 QV11),21.34,143.4019234645,320.6564489709,9.9662645333,20714019.85232784,0.0
612781 (2004 MW2),19.38,353.6347842986,790.7514169001,18.5455447655,43058837.913392186,0.0
354952 (2006 FJ9),19.23,378.9264983795,847.3054088524,5.6351414022,26775824.666485596,0.0
374855 (2006 VQ13),20.11,252.6707541538,564.9889822141,15.4592948822,36826296.70847554,1.0
511523 (2014 QS439),19.4,350.3926411083,783.5017643338,14.3513782756,25642059.451339837,0.0
(2000 AH205),22.6,80.2703167283,179.4898847799,10.4988434974,6352874.243352796,0.0
524530 (2002 XC91),19.68,308.003021266,688.7156928262,14.2418808771,25102410.022590548,0.0
(2005 MR5),20.24,237.9879546831,532.1572444975,13.8248498737,8901670.00750263,0.0
(2007 SG11),22.68,77.3668609982,172.9975603978,5.7184790409,25755394.55360637,0.0
276111 (2002 GM9),18.62,501.8281005898,1122.1217459384,7.5117576583,41276507.10963181,0.0
(2003 ME1),23.6,50.6471458835,113.2504610618,12.0622977297,9597472.037085366,0.0
525498 (2005 GE60),22.12,100.1278697699,223.8927232478,4.6587341508,18777142.40801195,0.0
(2003 YS17),21.6,127.2198785394,284.4722965033,12.605578752,33120825.04181325,1.0
2101 Adonis (1936 CA),18.72,479.2421155205,1071.6179479846,35.7695909849,34234947.63545503,1.0
2102 Tantalus (1975 YA),16.0,1677.0846216284,3750.0752179805,28.2218163042,44897683.03063963,1.0
(2005 YR3),23.72,47.924211552,107.1617947985,13.5172260381,37989874.35648956,0.0
(2009 ST19),18.39,557.8982210671,1247.4983468323,23.5383690033,42695418.67508336,1.0
614470 Flordeneu (2009 ST19),18.39,557.8982210671,1247.4983468323,23.5383624392,42695395.891615294,1.0
162210 (1999 SM5),19.3,366.9061375314,820.4270648822,16.349811363,28360621.156929497,1.0
382503 (2001 RE8),19.22,380.6755436269,851.2163929215,7.4819843939,15718558.895967107,0.0
(2008 LW16),19.95,271.9912773482,608.1909854376,16.9083578215,41356800.59658104,1.0
(2017 QM18),18.6,506.4714588346,1132.5046106177,18.3769955179,26207475.383614484,0.0
620102 (2017 QM18),18.62,501.8281005898,1122.1217459384,18.3769914015,26207468.43981577,0.0
65733 (1993 PC),18.43,547.7154309472,1224.7289359235,17.1001796502,11182251.841962095,0.0
425450 (2010 EV45),19.61,318.0936332215,711.2789870931,8.2315170791,30530009.50723244,0.0
(2004 UT1),26.69,12.2054831812,27.2922900914,6.6472940586,5561069.976435602,0.0
(2008 CL20),25.3,23.150212221,51.7654482198,14.8885861322,44155213.94228727,0.0
138911 (2001 AE2),19.44,343.9972546574,769.2012454873,2.1369987801,24034927.549125828,0.0
144411 (2004 EW9),16.55,1301.8321018813,2910.9850750981,11.7112864112,8404405.117062652,0.0
513170 (2004 KH15),20.18,244.655496172,547.0663205095,16.9992181306,9895289.100351203,0.0
163348 (2002 NN4),20.08,256.1857544793,572.8487618827,11.1461947205,3164968.1506718923,1.0
471926 Jormungandr (2013 KN6),18.62,501.8281005898,1122.1217459384,45.3571636968,41825834.762260914,1.0
(2007 YS56),25.7,19.2555078188,43.0566244241,6.2240467612,19644743.777995184,0.0
325395 (2009 CQ5),17.44,864.0820364505,1932.1461716397,14.4806757976,26827844.510979086,1.0
(2008 AF3),26.1,16.0160337979,35.8129403019,5.416967072,31091355.37883696,0.0
(2020 JS1),26.0,16.7708462163,37.5007521798,5.0240674567,2352836.903015777,0.0
152978 (2000 GJ147),19.57,324.0074353942,724.5026507569,13.7719898494,29825765.98429081,1.0
438955 (2010 LN14),21.01,166.9379117726,373.2845187454,22.8697948313,25823565.56234817,1.0
(2001 VC2),21.29,146.7421833608,328.1254971615,10.4753162309,14900747.035346108,1.0
152756 (1999 JV3),18.99,423.2090796502,946.324270793,15.1643455783,15064698.67478086,0.0
65909 (1998 FH12),19.3,366.9061375314,820.4270648822,11.74240424,45700962.515191495,1.0
162470 (2000 KX43),19.24,377.185489265,843.412394123,19.0360136624,31957196.63063358,0.0
349928 (2009 WD106),18.47,537.7184976927,1202.3751135999,19.2340408893,41128627.53835004,0.0
415711 (1998 WT7),19.08,406.0270582797,907.9041030176,20.4663165531,22877097.35859679,0.0
(2004 TE10),24.2,38.4197891064,85.9092601232,23.1328673692,24423254.31424352,0.0
472263 (2014 RP12),18.31,578.8352574915,1294.3149835245,21.0947820691,18780454.943932243,0.0
497135 (2004 QD20),18.09,640.5528629449,1432.3197447269,20.2639280701,30840235.40836167,0.0
(2003 KW16),20.1,253.8370293645,567.5968528656,21.9876224836,28697873.001208425,0.0
(2007 KE),22.5,84.0533402073,187.9489824394,22.640836269,29981298.941721465,0.0
612552 (2003 KW16),20.22,240.1900301154,537.0812348557,21.9876284495,28697873.76344604,0.0
285567 (2000 OM),18.51,527.9040290336,1180.4292945151,13.5197869269,32289488.920134768,0.0
388838 (2008 EZ5),19.62,316.6321257337,708.0109570008,7.6031485364,11902825.52485206,0.0
4450 Pan (1987 SY),17.28,930.1542539614,2079.8881414182,19.1835474168,39181678.86230216,1.0
267494 (2002 JB9),16.18,1543.6718217716,3451.7551284323,35.242814241,14689717.39811456,1.0
(2011 JX1),18.0,667.6594134952,1492.931834393,33.4745756509,40923991.9127121,0.0
549459 (2011 JX1),17.99,670.7411893253,1499.8228946405,33.4745670712,40923959.26663304,0.0
106589 (2000 WN107),16.02,1661.7090173978,3715.6943217258,22.36960357,35278774.15767403,0.0
(2004 XJ),24.0,42.1264610556,94.1976305719,10.5839403677,25274293.590246864,0.0
(2006 XJ1),21.39,140.1376971662,313.3574170739,9.8278070583,43801786.523565374,0.0
137199 (1999 KX4),16.98,1067.9599752365,2388.0311018778,10.4825288118,25667910.30296356,0.0
419624 (2010 SO16),20.44,217.0475943071,485.3331752235,13.2678505697,29299493.08193653,1.0
(2001 XP),20.8,183.8886720703,411.1875710413,22.1789350345,30643284.309067626,0.0
(2002 XQ40),22.38,88.8290416389,198.6277754808,9.4033014155,5244003.782888154,0.0
(2005 YO128),24.6,31.9561886721,71.4562101727,17.2379570951,42080364.881548375,0.0
66391 Moshup (1999 KW4),16.64,1248.9785406727,2792.8009193826,24.6307753196,14857056.319233213,1.0
(2007 MG),21.22,151.5496635722,338.8753497147,13.7125080672,28188258.959828086,0.0
(2009 KY1),23.7,48.3676488219,108.1533506775,16.9839666602,37290462.611274734,0.0
141052 (2001 XR1),17.49,844.4131279787,1888.1651552536,21.3294535062,44906609.94851304,0.0
(2000 YS134),24.02,41.7402433392,93.3340215038,9.1429915566,29226119.057865497,0.0
(2001 TA2),22.0,105.8168859331,236.6137501138,16.3341875457,31809465.92807512,1.0
(2002 TZ66),25.9,17.561231848,39.2681081809,6.358091218,20519704.40336596,0.0
(2005 VY3),20.15,248.0589931518,554.6767711177,17.1354842854,26895564.107735787,0.0
(2010 LK34),21.91,110.2947845322,246.6266357777,41.0348375191,41161759.91571633,1.0
(2005 UG5),24.3,36.6906137531,82.0427064882,10.147677148,15947636.181800976,0.0
175189 (2005 EC224),18.29,584.1911541862,1306.2911326144,1.7834889444,27517248.47609507,0.0
(2006 XP4),23.9,44.1118199997,98.6370281305,8.5306654303,27579742.76672025,0.0
136795 Tatsunokingo (1997 BQ),18.11,634.6802389983,1419.1881583761,11.6761220558,3825562.164809424,1.0
396730 (2003 KX16),18.53,523.0641758041,1169.6070536928,14.1424394232,45820818.244155,0.0
433992 (2000 HD74),18.04,655.4732558369,1465.6827574844,26.6235884904,25708399.119156465,0.0
(2008 JV2),24.7,30.5179232594,68.2401509401,16.668873832,28388470.39106177,0.0
369452 (2010 LG14),17.89,702.3522476962,1570.5073699984,20.9259743985,41825766.51410815,0.0
520585 Saci (2014 OA2),21.49,133.8304618158,299.2540100804,3.4050778087,42790469.76072408,0.0
(2002 FW1),24.53,33.0031183358,73.7972160683,7.9851447677,10617107.061773546,0.0
331471 (1984 QY1),15.57,2044.3487102818,4571.3026859041,26.420788278,29118700.629833184,0.0
478784 (2012 UV136),25.6,20.1629919443,45.0858206172,3.5651145757,2020105.8899970148,0.0
(2008 NP3),22.83,72.2029557657,161.4507172686,8.4451226107,30407576.86671058,0.0
(2009 WZ7),19.8,291.4439045349,651.6883821679,26.5552925034,15148341.22928214,0.0
613995 (2008 NP3),22.83,72.2029557657,161.4507172686,8.445122594,30407576.86671058,0.0
(2000 KA),21.75,118.7284987937,265.4849941693,13.498122588,2111121.866350665,1.0
(2003 FY6),22.61,79.9015081239,178.6652036697,21.2838390341,21270711.194336426,0.0
(2009 YR),28.0,6.676594135,14.9293183439,4.6641455463,15625774.797931952,0.0
318050 (2004 FC32),18.86,449.3191996308,1004.7082739702,5.5209146048,38589889.09974363,0.0
(2019 YS4),19.9,278.3267680719,622.3575733667,21.5704975432,43267336.522051215,0.0
620000 (2019 YS4),19.95,271.9912773482,608.1909854376,21.570493761,43267342.90811509,0.0
159929 (2005 UK),17.72,759.5475664291,1698.3999906799,28.6925353165,26328782.20848313,0.0
(2003 UG22),21.2,152.9519353442,342.0109247198,10.8163121536,30810314.60761477,0.0
(2009 QC36),22.21,96.0627414896,214.8028200758,7.8969065057,9102002.727471989,0.0
(2000 HO40),22.3,92.1626548503,206.0819612321,10.4458303648,11284974.235631095,0.0
(2005 JR5),22.1,101.054341542,225.9643771094,19.8324020779,25186046.50707769,0.0
(2010 FC6),20.23,239.0864571707,534.6135707332,16.5359814859,43257860.58859642,0.0
85184 (1991 JG1),18.41,552.7833794322,1236.0612132424,17.3170069083,13943429.062447814,0.0
(2005 GZ110),22.74,75.2583992483,168.2828965971,8.3826400753,12137168.738504669,0.0
(2006 YF),21.05,163.8909514948,366.4713084395,8.4897364333,9259787.725214604,0.0
228368 (2000 WK10),18.63,499.5224099063,1116.966064835,17.3363927516,35244844.31244806,1.0
438908 (2009 XO),20.63,198.8634532359,444.6721996757,12.7810589171,2108694.39984162,1.0
(2003 HT42),24.8,29.1443904535,65.1688382168,19.6556477603,41749152.22725599,0.0
(2007 KV2),24.6,31.9561886721,71.4562101727,8.5529340404,12612463.60785677,0.0
(2000 UR16),23.9,44.1118199997,98.6370281305,19.1268712987,43802799.02609107,0.0
(2007 HD15),24.16,39.1340663147,87.5064325156,18.7867719016,35611074.757424265,0.0
(2008 DB),25.8,18.388867207,41.1187571041,6.5599999691,27921358.08667096,0.0
387733 (2003 GS),18.98,425.1625240058,950.6923051623,19.4262510273,43517363.00690264,0.0
188174 (2002 JC),17.44,864.0820364505,1932.1461716397,33.2958867283,45173960.19792312,0.0
(2005 TC51),27.3,9.216265485,20.6081961232,6.4461657763,10631047.485974496,0.0
(2010 GL23),22.8,73.2073989347,163.696720474,8.8763614213,39774312.00359292,0.0
(2010 PW58),21.7,121.4940407996,271.6689340891,12.8159577814,30952650.341104608,1.0
(2010 KD149),21.48,134.4481951604,300.6353038309,12.8159707448,30952690.08900725,1.0
86667 (2000 FO10),17.54,825.1919385245,1845.1852690256,14.1956101143,23242292.396736704,0.0
388945 (2008 TZ3),20.46,215.0576900016,480.8836139277,8.7764879288,1735675.438831139,1.0
495615 (2015 PQ291),17.71,763.0534787022,1706.2394488457,17.3203654767,18605920.84371923,0.0
523609 (2005 PJ2),19.53,330.0311833581,737.9721606833,34.2634128015,45869852.37604652,1.0
(2006 WE4),18.9,441.1181999969,986.3702813054,10.5961219668,45496740.92400906,0.0
613676 (2006 WE4),18.82,457.6726672313,1023.3871953728,10.5961205814,45496740.55218584,0.0
(2009 HU77),23.4,55.5334911581,124.1766612574,12.8504388891,14667269.742208716,0.0
(2010 DJ1),26.9,11.0803882126,24.7765012606,18.4732573573,33479187.400615457,0.0
152564 (1992 HF),19.63,315.1773332628,704.7579421428,31.8415701964,44564266.78460136,0.0
539940 (2017 HW1),18.01,664.5917971389,1486.0724356914,18.9468447647,15676490.24007775,0.0
(2005 QP87),27.7,7.6657557353,17.1411509231,4.7057830408,29613714.07487836,0.0
137099 (1998 YW3),18.29,584.1911541862,1306.2911326144,21.0541991111,41345044.32706693,0.0
394783 (2008 HD3),19.8,291.4439045349,651.6883821679,24.4892275614,27437471.48878629,0.0
(2005 TS15),21.03,165.407415798,369.8622257068,29.7251511112,45499793.12789908,1.0
(2005 UV64),26.4,13.9493822934,31.1917670523,4.6287785277,12289998.178569198,0.0
545274 (2011 FZ2),17.48,848.3107618858,1896.8805296212,31.2346925447,28717185.22059557,0.0
(2002 JQ100),19.8,291.4439045349,651.6883821679,16.2895957421,43064693.7387558,0.0
(2006 CN10),21.23,150.8533561176,337.3183589129,13.9823192873,30017288.641130485,0.0
(2013 HT15),21.7,121.4940407996,271.6689340891,26.1635661849,39647645.70947796,1.0
551685 (2013 HT15),21.82,114.9621762891,257.0632410238,26.1635717253,39647662.45081861,1.0
612362 (2002 JQ100),19.86,283.501249023,633.9280645215,16.2895953559,43064696.96432226,0.0
52768 (1998 OR2),16.04,1646.4743775541,3681.6286314226,8.7015846208,3908651.325510843,1.0
(2002 XU4),21.98,106.7959975236,238.8031101878,6.1949348765,30673588.18069104,0.0
415949 (2001 XY10),19.37,355.267088298,794.4013596028,21.945224932,42945827.264070906,0.0
(2000 WC1),22.52,83.2827345523,186.225855811,13.0417019689,26407204.99701893,1.0
(2007 VK3),21.9,110.8038821264,247.7650126055,14.1522778734,33307484.12074488,0.0
(2008 EZ7),27.0,10.5816885933,23.6613750114,13.7015679846,23784904.382796686,0.0
403775 (2011 HS4),20.9,175.6123184804,392.6810818086,25.5785115556,16818873.2764508,1.0
436325 (2010 GR7),18.35,568.2703233897,1270.6910726951,37.3576747799,41060601.03870424,0.0
519354 (2011 KR12),21.48,134.4481951604,300.6353038309,10.1317296943,35134365.54689272,0.0
(2002 VR85),20.3,231.5021222103,517.6544821978,14.4294087252,6378907.790317638,1.0
(2006 HV50),23.6,50.6471458835,113.2504610618,19.9458733387,39445591.95923841,0.0
(2020 OB6),24.9,27.8326768072,62.2357573367,2.5708827685,6244620.040373153,0.0
(2003 YL118),21.6,127.2198785394,284.4722965033,10.5042256629,46422771.70158576,1.0
(2004 HH33),20.79,184.7374636151,413.0855266343,15.5637514717,43447098.60552297,0.0
(2007 UW1),22.7,76.6575573531,171.4115092306,6.5959461549,17271493.110700004,0.0
(2008 EA9),27.7,7.6657557353,17.1411509231,1.2962693192,6795645.391365137,0.0
(2003 BM4),24.95,27.1991277348,60.8190985438,8.9950389042,24074720.795613594,0.0
(2009 FY29),20.09,255.0086878569,570.2167609011,16.3442899448,33816567.031240895,0.0
(2010 JJ3),23.7,48.3676488219,108.1533506775,10.4646944964,3035802.693234715,0.0
186823 (2004 FN32),19.12,398.6162292765,891.332985597,34.0180862851,39421881.80546222,0.0
395207 (2010 HQ80),19.62,316.6321257337,708.0109570008,22.2101179061,10834806.3710414,1.0
(2009 DD45),25.8,18.388867207,41.1187571041,12.5414837375,32080358.89057232,0.0
192563 (1998 WZ6),17.34,904.8049682253,2023.2054153312,13.199452963,38718258.771821216,1.0
482566 (2012 WK4),21.51,132.6034967669,296.5104328249,5.2823509005,29141748.04589492,0.0
497025 (2003 QW30),20.7,192.5550781879,430.566244241,15.3218005666,19286391.709400702,0.0
436324 (2010 GZ6),19.44,343.9972546574,769.2012454873,22.0689098249,28873736.415925145,0.0
(2008 TF),21.89,111.3153296083,248.908643942,22.1076467059,43047350.45347786,0.0
3360 Syrinx (1981 VA),16.04,1646.4743775541,3681.6286314226,37.0182389106,44657647.52877291,0.0
137064 (1998 WP5),18.84,453.476698997,1014.0047251696,10.1330245773,23410459.033534303,0.0
363599 (2004 FG11),21.04,164.6474377554,368.1628631423,24.4908687449,4573879.112212828,1.0
6239 Minos (1989 QF),18.61,504.1444338579,1127.3012245845,12.8383009758,29610695.76267521,1.0
413989 (2007 EL88),19.07,407.9011940281,912.0947979501,19.8276160571,11514999.838006614,1.0
468910 (2014 KQ76),21.67,123.1841912659,275.4482254239,10.2543485623,10340819.344006078,1.0
515446 (2013 UG5),20.39,222.1032822459,496.6380371276,12.0302616774,44683317.26530423,0.0
(2000 EM26),22.51,83.6671501888,187.0854353059,9.9067502075,17145852.918545153,0.0
88959 (2001 TZ44),17.45,860.111940119,1923.2687663652,28.7110040099,32372501.06695092,0.0
469219 Kamo`oalewa (2016 HO3),24.33,36.1871996599,80.917038355,4.0467169299,14498708.508014644,0.0
482718 (2013 ET9),21.1,160.1603379786,358.1294030194,14.1060702281,30342626.534961585,0.0
(2007 HL4),24.1,40.2304579834,89.9580388169,4.3682030713,6136528.491462849,0.0
(2005 HN3),21.2,152.9519353442,342.0109247198,12.2514444281,13799986.773747772,0.0
(2014 HO4),19.3,366.9061375314,820.4270648822,22.5578093025,40823149.7640178,0.0
612970 (2005 HN3),21.23,150.8533561176,337.3183589129,12.2514444391,13799986.783043353,0.0
620078 (2014 HO4),19.28,370.3010782229,828.0183830478,22.557809774,40823147.44941823,0.0
138847 (2000 VE62),17.07,1024.6014746756,2291.0785472212,13.3277685115,43707341.881603,0.0
401954 (2002 RW25),18.89,443.1543090961,990.9231596608,11.5163614287,34784465.40129856,1.0
436030 (2009 JO2),19.44,343.9972546574,769.2012454873,13.2295645264,14729974.326753816,0.0
508967 (2004 VC17),18.49,532.7886648737,1191.3516722989,22.4875027991,36878828.19102084,1.0
522684 (2016 JP),21.13,157.96285576,353.2156833994,10.2294121585,8723661.19137459,1.0
(1999 DB2),19.0,421.2646105562,941.9763057186,7.2089065011,25666616.3302573,0.0
(2010 UE7),19.3,366.9061375314,820.4270648822,16.1044027744,24381608.30981288,0.0
620067 (2010 UE7),19.32,363.5423218434,812.9053443399,16.1044028094,24381608.170379173,0.0
462959 (2011 DU),21.11,159.4244680687,356.4839478784,22.7208814068,40840071.16007462,1.0
(1994 GL),25.5,21.113244479,47.2106498806,9.2162393733,2535830.232555472,0.0
85628 (1998 KV2),17.3,921.6265485028,2060.8196123208,6.0259078784,43703553.61645876,0.0
(1994 WR12),22.4,88.0146520901,196.8067450894,11.9830077792,40039805.55373396,0.0
(2006 CL9),22.8,73.2073989347,163.696720474,13.6528223505,35444998.00883065,0.0
(2001 SG286),21.0,167.7084621628,375.0075217981,6.5095112209,44929568.06193195,1.0
612267 (2001 SG286),20.91,174.8054531691,390.8768761237,6.5095109472,44929568.06193195,1.0
65690 (1991 DG),19.06,409.783980394,916.3048362514,8.8832860273,7856121.478977477,1.0
(2001 GS2),20.49,212.1069878758,474.2856433931,10.7697638626,12685572.456900032,0.0
(2003 XV),26.7,12.14940408,27.1668934089,20.5121973843,27973149.22269936,0.0
(2006 RJ1),22.27,93.4447650924,208.9488468882,11.8599525539,31211358.76809829,0.0
(2007 YS56),25.7,19.2555078188,43.0566244241,6.0116043198,18769496.90451541,0.0
613471 (2006 RJ1),22.27,93.4447650924,208.9488468882,11.8599523937,31211358.535708778,0.0
525498 (2005 GE60),22.12,100.1278697699,223.8927232478,5.6926277905,15999729.163922628,0.0
526898 (2007 HR),20.65,197.0402621378,440.5954204445,38.6403549931,42899545.22824973,0.0
(2005 SH26),20.7,192.5550781879,430.566244241,15.3833718831,21281618.43340528,0.0
(2008 YZ32),20.1,253.8370293645,567.5968528656,26.1893083825,30760280.847576693,0.0
(2010 HW81),20.24,237.9879546831,532.1572444975,26.0973747225,11382504.582755968,0.0
(2022 BD3),20.227,239.4169955933,535.3526771154,26.1871092645,11334915.077045498,0.0
614316 (2008 YZ32),20.25,236.8944993559,529.7122040557,26.1893231005,30760273.07647132,0.0
(2005 SQ),20.2,242.4124811008,542.0507863358,11.7399536075,18660934.38571844,1.0
619106 (2005 SQ),20.11,252.6707541538,564.9889822141,11.7399527797,18660933.493342698,1.0
252793 (2002 FW5),19.26,373.7274319137,835.6799428155,25.3681244453,34328996.12765897,0.0
330659 (2008 GG2),22.99,67.0741189325,149.9822894641,7.1640038198,13531676.551137963,0.0
(2004 QZ1),20.7,192.5550781879,430.566244241,28.4922970009,23361630.20383592,0.0
308635 (2005 YU55),21.91,110.2947845322,246.6266357777,25.9420110207,38072931.17786607,1.0
6047 (1991 TB1),17.84,718.7121331801,1607.0891860447,21.6639438748,35743800.81264563,0.0
85953 (1999 FK21),18.15,623.096019112,1393.285055244,32.5810847421,35090717.032715745,0.0
304293 (2006 SQ78),18.76,470.4949611208,1052.0587161372,24.7433784061,25769902.32427366,0.0
(2020 QO4),22.05,103.4081995395,231.2277636011,14.9361012631,28058954.43120956,0.0
(2010 GD35),24.62,31.6632125734,70.8010957001,12.0194758128,3632455.317941574,0.0
106538 (2000 WK63),16.28,1474.1951450421,3296.4005564144,22.5833114444,39315511.41696023,0.0
164222 (2004 RN9),20.85,179.7028548592,401.8277992159,10.0448291229,45905098.36393847,0.0
(2002 RR25),21.09,160.8996045096,359.7824532363,12.4726088909,27014750.9824928,0.0
(2007 TJ19),20.8,183.8886720703,411.1875710413,19.8794209852,37850007.984690525,0.0
612443 (2002 RR25),21.06,163.1379409728,364.7875257245,12.472599166,27014734.705931168,0.0
138947 (2001 BA40),18.82,457.6726672313,1023.3871953728,12.545167738,24776870.340295784,0.0
458452 (2011 BR15),19.77,295.4982931114,660.7542706324,7.1286116951,18540439.065036166,0.0
(2000 WP19),22.7,76.6575573531,171.4115092306,6.3802790733,24208546.97350339,0.0
(2006 FH36),23.03,65.8498782919,147.2448041708,5.0607769417,2685616.3831917886,0.0
(2008 BX2),23.6,50.6471458835,113.2504610618,13.9869155446,13493031.9316582,0.0
612197 (2000 WP19),22.93,68.9532874451,154.1842379994,6.3802864254,24208556.17612818,0.0
613400 (2006 FH36),23.03,65.8498782919,147.2448041708,5.0607769421,2685616.3831917886,0.0
234145 (2000 EW70),21.58,128.3970295822,287.1044862548,13.9834888866,11636000.457154715,1.0
(2000 BO28),19.7,305.1792325939,682.4015094011,17.7740449792,6823147.686542681,1.0
(2005 FC),24.5,33.4622374455,74.8238376074,15.5532569067,18696969.521925427,0.0
612143 (2000 BO28),19.84,286.1244537828,639.7937286834,17.7740465637,6823146.8499404285,1.0
443837 (2000 TJ1),19.7,305.1792325939,682.4015094011,23.4417507389,35471064.88974752,0.0
477524 (2010 EH43),18.67,490.4050984179,1096.5791365749,20.0187702435,42965198.88221808,0.0
(2009 EG3),21.31,145.3968429372,325.1172245215,13.120072269,46204527.49467871,0.0
(2002 TB70),21.6,127.2198785394,284.4722965033,10.1720929439,13706053.80701952,1.0
(2016 WJ1),21.3,146.0679642714,326.6178974458,14.5064117888,30426610.42318249,1.0
620100 (2016 WJ1),21.35,142.7430514752,319.1831664143,14.5064119801,30426610.72064108,1.0
4581 Asclepius (1989 FC),20.74,189.0405519291,422.7075246174,12.7710714096,6551022.260196056,1.0
277810 (2006 FV35),21.72,120.3801767384,269.1782583305,10.1470511295,34281256.32170578,0.0
325102 (2008 EY5),20.17,245.7847746328,549.5914639134,21.3241951174,22418801.41044372,0.0
(2009 BJ2),27.1,10.1054341542,22.5964377109,7.8511665401,25921414.20874395,0.0
(2004 RY10),21.4,139.4938229344,311.9176705226,22.1336724136,9623763.759505792,1.0
(2009 BF2),25.9,17.561231848,39.2681081809,5.1245329745,21897925.13177141,0.0
(2009 FO32),25.7,19.2555078188,43.0566244241,22.6816933097,21501339.04808344,0.0
482244 (2011 HR),19.86,283.501249023,633.9280645215,5.5965524611,45821098.30140732,0.0
(2008 UB95),24.8,29.1443904535,65.1688382168,7.6330889278,4393457.423637287,0.0
339714 (2005 ST1),20.36,225.1930466786,503.5469604336,10.7991563128,34437726.5246416,0.0
394392 (2007 EP88),18.37,563.0603897491,1259.0413069164,21.9949382488,46258171.75117763,0.0
494880 (2008 SQ7),19.84,286.1244537828,639.7937286834,8.8134119129,23751129.820244648,0.0
(2003 OC3),18.83,455.5698523357,1018.6851583223,12.5512716182,5382441.535495928,1.0
(2005 GR33),22.14,99.2098919421,221.8400624229,19.4119844669,46169402.23778758,0.0
138127 (2000 EE14),17.11,1005.900390178,2249.2616510316,24.4736392207,43040415.5041624,1.0
142555 (2002 TB58),16.39,1401.3769716619,3133.5741707387,10.6160178916,42137434.020354725,0.0
480936 (2003 QH5),20.26,235.8060679997,527.2783975542,8.1352935411,30708286.24988012,1.0
528807 (2009 BL71),22.07,102.4601474676,229.1078547221,21.2582228069,38652171.10719465,0.0
(2002 FT5),21.57,128.9896833431,288.4297003513,19.2496422921,27581710.9664786,0.0
487580 (2015 BA92),20.13,250.3542547558,559.8091320902,23.2898639647,29425721.75870801,0.0
(2007 SW2),21.46,135.6922289935,303.4170480479,21.1875825078,45963706.5069557,0.0
373428 (1999 TC5),18.64,497.2273129092,1111.8340719346,17.5399867528,19433671.557708908,0.0
(2004 FY31),21.97,107.2889454508,239.9053752622,17.3836985523,22837889.315385696,1.0
276732 (2004 EV9),17.74,752.5839924835,1682.8289659712,34.0472447518,13509783.701960232,0.0
465633 (2009 JR5),20.44,217.0475943071,485.3331752235,19.9957102509,33158107.57057212,1.0
(2004 RE84),21.9,110.8038821264,247.7650126055,14.0647765237,9412490.866225524,1.0
432509 (2010 FF7),19.49,336.1669211578,751.6920874957,18.3211656313,44647275.42698362,0.0
448818 (2011 UU20),17.81,728.7104148984,1629.446023625,15.6335159356,31051002.20375617,0.0
(2005 EY169),22.29,92.5880583366,207.0331923453,15.6244126872,21294892.6526402,0.0
396730 (2003 KX16),18.53,523.0641758041,1169.6070536928,19.1363700866,44422901.91873171,0.0
(2001 QC34),20.2,242.4124811008,542.0507863358,4.0894680577,10220421.599033369,1.0
612227 (2001 QC34),20.2,242.4124811008,542.0507863358,4.0894675384,10220421.413121756,1.0
531060 (2012 DJ61),19.89,279.6114660622,625.2302454035,30.3774176276,7576092.29931409,1.0
(2004 ST2),24.2,38.4197891064,85.9092601232,14.0627574794,15602234.260614963,0.0
(2006 GX2),20.6,201.6299194428,450.8582061718,11.6145090897,12227575.714895308,0.0
(2009 DR36),20.7,192.5550781879,430.566244241,16.1332902783,20168895.735610697,0.0
625646 (2006 GX2),20.71,191.6703679668,428.5879720462,11.6145090612,12227575.705599727,0.0
500094 (2012 BC20),18.69,485.9090374507,1086.5256386213,12.6502826217,30613438.8954794,0.0
(2001 BB16),23.2,60.8912622106,136.1570015386,6.4798211228,8471282.710833028,0.0
(2006 FJ),20.42,219.0559109705,489.8239078031,16.3334711285,27241892.62169159,0.0
(2013 CL89),19.47,339.2774353821,758.6474087461,14.3994961602,39065886.28739239,0.0
651565 (2013 CL89),19.47,339.2774353821,758.6474087461,14.3994960609,39065886.2780968,0.0
276770 (2004 HC),19.96,270.7415909448,605.396601689,17.4256976654,35472711.95508288,0.0
364136 (2006 CJ),20.19,243.5314062744,544.5527790857,28.3950697779,25014111.73936344,1.0
(2003 YS70),29.1,4.0230457983,8.9958038817,15.5502772142,36648208.024718985,0.0
96315 (1997 AP10),17.05,1034.0819953948,2312.2776360114,32.0169163427,35249983.578685544,0.0
457059 (2008 EG),20.06,258.5562120799,578.1492662155,32.6693000661,32461331.28048228,0.0
539856 (2017 EV2),20.92,174.0022950671,389.080960011,13.5850732834,29226291.918482337,0.0
(2009 DB1),23.01,66.4591797139,148.6072435691,9.2344594162,44086233.669594005,0.0
(2000 UK11),25.3,23.150212221,51.7654482198,10.7391794776,30380982.861304622,0.0
(2007 CH15),21.75,118.7284987937,265.4849941693,13.8690538134,32726108.70838948,0.0
152561 (1991 RB),19.1,402.3045798343,899.5803881691,11.2265650874,38907176.314311005,1.0
462550 (2009 CB3),19.63,315.1773332628,704.7579421428,17.192324812,44119140.1271694,1.0
415713 (1998 XX2),20.0,265.8,594.3468684194,10.9320735648,39375136.97056971,1.0
326386 (2001 OA14),18.58,511.1577815443,1142.9835467611,21.9676308622,28988511.27348849,0.0
(1995 CR),21.76,118.1829908933,264.2652014216,23.399888972,23647308.80979128,1.0
(2006 BA9),22.7,76.6575573531,171.4115092306,9.4387537125,24823521.150390524,0.0
10115 (1992 SK),17.13,996.6782399685,2228.6402962644,22.579111683,38183964.21100586,1.0
(2007 OX),21.3,146.0679642714,326.6178974458,19.4846328382,43882831.641866334,0.0
(2006 KY86),19.7,305.1792325939,682.4015094011,12.3086813218,16660708.256782096,1.0
(2007 DE8),23.59,50.8809224871,113.773201439,12.7381516785,9595536.780864673,0.0
(2009 YF),24.7,30.5179232594,68.2401509401,6.6269198362,9078599.513767203,0.0
619920 (2006 KY86),19.74,299.6090838515,669.9462781683,12.3086814799,16660706.899627328,1.0
(2024 CO),23.731,47.6820563459,106.6203192964,12.6207397361,9198370.745903056,0.0
481543 (2007 RN7),21.7,121.4940407996,271.6689340891,7.4598234941,38006112.518076696,0.0
511523 (2014 QS439),19.4,350.3926411083,783.5017643338,3.7564921189,42303597.44094186,0.0
(2001 GP2),26.4,13.9493822934,31.1917670523,2.74674729,10841130.070863357,0.0
(2004 MD),20.2,242.4124811008,542.0507863358,12.369571201,15487617.325670429,1.0
(2009 TK8),20.17,245.7847746328,549.5914639134,16.028015374,28412566.94353235,0.0
(2020 UJ7),25.945,17.2010507266,38.4627187091,2.7459076613,10837245.698711293,0.0
612780 (2004 MD),20.16,246.9192656061,552.1282628496,12.3695705781,15487618.43184452,1.0
367943 Duende (2012 DA14),24.19,38.5971267955,86.3057992509,11.4436819241,28475638.62914651,0.0
512234 (2015 VO66),20.62,199.78136523,446.7247132921,14.5431969935,27219362.476803496,1.0
(2005 FK),23.4,55.5334911581,124.1766612574,5.8558064364,45800539.13565617,0.0
(2008 TZ),25.4,22.1082810359,49.435619262,15.3349497152,37349008.30658151,0.0
(2010 FK),23.8,46.1907460282,103.2856480504,7.2954556917,13143157.358206276,0.0
(2008 SX148),23.7,48.3676488219,108.1533506775,19.8293116593,28314614.0193134,0.0
152685 (1998 MZ),19.34,360.2093458029,805.452583346,18.9154700945,38221537.99819166,1.0
(2005 EO30),23.18,61.4546821229,137.4168467624,15.7103054421,39974324.48151504,0.0
(2009 CS1),21.12,158.691979174,354.846052917,19.3721875206,30227984.734338943,0.0
(2010 GW62),19.36,356.9069266704,798.0681496756,25.5835998066,45515713.668792695,0.0
(2017 XD),17.36,896.5096664153,2004.6565565902,27.0242734011,29037158.058536407,0.0
658883 (2017 XD),17.35,900.647767018,2013.9096308356,27.0242733937,29037158.095718727,0.0
164207 (2004 GU9),21.18,154.3671821772,345.1755128432,5.0124282694,27072578.39899101,1.0
(2003 QK5),22.85,71.5409950884,159.9705281956,10.0445096256,36672766.13994867,0.0
(2005 RZ2),23.3,58.1507039646,130.0289270043,6.9103288916,9697533.30123578,0.0
(2010 CT),20.25,236.8944993559,529.7122040557,14.9777275536,34827649.25728808,0.0
349063 (2006 XA),17.45,860.111940119,1923.2687663652,13.2279896477,23867061.103808127,0.0
(2008 CE119),25.7,19.2555078188,43.0566244241,8.4531608821,13099275.961848533,0.0
(2010 CO44),24.6,31.9561886721,71.4562101727,5.2232981798,18235134.448779352,0.0
(2005 XP66),20.1,253.8370293645,567.5968528656,12.395300582,43868211.33890031,0.0
(2008 BH16),20.5,211.1324447897,472.1064988055,16.3034109961,41078536.69415149,0.0
(2008 YX32),20.85,179.7028548592,401.8277992159,12.7853879497,18733645.9695336,0.0
326290 Akhenaten (1998 HE3),21.83,114.4339730687,255.882142717,26.8892354792,41443939.23753714,1.0
(2003 DG6),20.75,188.1719894893,420.7653599595,18.1252584338,18123123.10225932,0.0
(2004 CH52),19.8,291.4439045349,651.6883821679,6.1958463567,38958161.74659533,0.0
(2008 TT26),23.6,50.6471458835,113.2504610618,6.718989554,43128981.05392292,0.0
(2009 VZ),21.3,146.0679642714,326.6178974458,12.2040882472,28257403.10431174,1.0
612751 (2004 CH52),19.95,271.9912773482,608.1909854376,6.1958476812,38958161.00294888,0.0
420738 (2012 TS),20.84,180.5323255496,403.6825520651,12.6313456217,25875963.997248344,0.0
363067 (2000 CO101),19.21,382.4326621004,855.1454292727,13.4598062316,33637038.703734495,1.0
(2000 RE52),22.33,90.8981358201,203.2544107219,22.9961327637,42096463.26549004,0.0
(2010 EG21),24.5,33.4622374455,74.8238376074,19.0820289996,41103297.304308966,0.0
(2011 WL2),20.7,192.5550781879,430.566244241,8.4833049306,42698341.27069306,1.0
549948 (2011 WL2),20.84,180.5323255496,403.6825520651,8.4833049251,42698342.17236438,1.0
(2002 XS14),24.2,38.4197891064,85.9092601232,20.8331911663,44752323.7422392,0.0
(2005 CK),26.14,15.7237082364,35.1592804749,11.884597394,22166321.570891287,0.0
(2007 CO5),20.07,257.3682541942,575.4929116288,26.3041807028,28701367.200660385,0.0
136582 (1992 BA),19.88,280.902093949,628.116177092,7.0678019044,35379478.54586384,0.0
154590 (2003 MA3),21.71,120.9358263879,270.4207287184,26.7862954054,44072235.966025405,1.0
(2008 BP16),21.8,116.0259082094,259.4418179074,18.4274514838,27117017.18624828,0.0
511684 (2015 BN509),20.79,184.7374636151,413.0855266343,14.4181586004,13097630.876471844,1.0
(2004 XK3),24.47,33.9277435382,75.8647408746,8.2244274116,44373575.34787452,0.0
(2009 CE),24.3,36.6906137531,82.0427064882,5.756180399,7852549.624245185,0.0
35107 (1991 VH),16.91,1102.9478453221,2466.2663577772,8.7040914643,28216299.311097503,1.0
386298 (2008 SR7),20.09,255.0086878569,570.2167609011,9.7169842817,42931836.43923194,0.0
163243 (2002 FB3),16.5,1332.1556669813,2978.7906279817,16.0467790155,28826408.12532512,1.0
217430 (2005 SN25),19.64,313.7292249562,701.5198735305,15.8656608911,23586627.76159583,1.0
462559 (2009 DD1),20.57,204.4348710282,457.1302685904,14.9018150277,44177000.91480197,0.0
(2008 EE5),19.71,303.7770613871,679.2661592667,22.9830392831,13402484.703547465,1.0
96744 (1999 OW3),14.78,2941.4060178126,6577.183805256,33.9433421511,42990827.4114406,0.0
154993 (2005 EA94),17.99,670.7411893253,1499.8228946405,18.281557136,15480475.177863384,0.0
163373 (2002 PZ39),19.03,415.484643414,929.0519062809,15.189099333,3588424.9227223927,1.0
353947 (1999 CT8),18.79,464.0395282463,1037.6239294056,21.6143506827,42645876.55830321,0.0
474223 (2001 CC32),19.1,402.3045798343,899.5803881691,21.750331376,26441959.304470632,0.0
68347 (2001 KB67),19.92,275.7750529244,616.6517648376,15.5157297104,41396716.04277137,1.0
40267 (1999 GJ4),15.57,2044.3487102818,4571.3026859041,34.0221481836,17607324.09759748,0.0
137924 (2000 BD19),17.51,836.6715018881,1870.8543530587,34.5794821271,10616734.411242872,0.0
153267 (2001 CB32),17.9,699.1252322458,1563.2915440869,26.3651840151,30943763.208316173,0.0
315098 (2007 EX),16.75,1187.2849879373,2654.8499416927,17.7237128153,14156907.7784133,0.0
471956 (2013 SC25),19.28,370.3010782229,828.0183830478,20.7778174142,39809341.497412704,0.0
(2011 SB16),18.7,483.6764882185,1081.533506775,26.6078860331,45121343.23321863,0.0
621911 (2011 SB16),18.83,455.5698523357,1018.6851583223,26.6078841905,45121341.43917157,0.0
5660 (1974 MA),15.52,2091.9677090096,4677.7820040799,32.6611451714,38024284.25338445,0.0
459872 (2014 EK24),23.36,56.5659358422,126.4852777541,9.8622878679,24281308.799931686,0.0
(2005 YO3),25.1,25.3837029364,56.7596852866,17.4025528367,29360709.33248061,0.0
417210 (2005 XV77),20.56,205.3784995184,459.2402860401,18.7529851851,29118230.5709134,0.0
504074 (2006 AD),16.67,1231.8419126591,2754.482254239,29.1763907219,38269530.81125762,0.0
(2008 UW91),21.71,120.9358263879,270.4207287184,19.7081049179,43442809.91279713,1.0
162080 (1998 DG16),19.95,271.9912773482,608.1909854376,10.8551692328,20743245.95715417,0.0
234341 (2001 FZ57),18.95,431.077123878,963.9177525363,23.0572831696,33020161.6936118,0.0
340666 (2006 RO36),17.82,725.3622946704,1621.9593991982,12.9279553001,36832154.420842014,0.0
424965 (2009 AM15),18.76,470.4949611208,1052.0587161372,15.0230759412,42781097.16623881,0.0
68347 (2001 KB67),19.92,275.7750529244,616.6517648376,15.5157297104,41396716.04277137,1.0
137120 (1999 BJ8),18.3,581.5070396458,1300.2892700427,21.2150044038,25890833.02206449,1.0
162825 (2001 BO61),17.97,676.9474811371,1513.7005850198,26.7592242032,8658222.553481096,1.0
103067 (1999 XA143),16.83,1144.339730687,2558.8214271699,22.5189181574,28309817.118605,1.0
416231 (2003 AJ73),18.67,490.4050984179,1096.5791365749,3.2899982612,44856490.50181299,0.0
503960 (2004 QF1),18.45,542.6939456932,1213.5005535475,13.7043955923,23474664.575478885,0.0
512245 (2016 AU8),19.91,277.0479727327,619.4981000589,7.0442343628,17955172.857282504,0.0
(2008 OX1),21.5,133.2155666981,297.8790627982,16.9822340509,15126567.939862084,1.0
627157 (2008 OX1),21.5,133.2155666981,297.8790627982,16.9822340227,15126567.930566505,1.0
350523 (2000 EA14),21.16,155.7955241278,348.36938254,14.9123168116,30165008.384199426,1.0
525364 (2005 CL7),19.63,315.1773332628,704.7579421428,16.0409042004,17433721.87004403,0.0
250577 (2005 AC),18.36,565.6593584222,1264.852777541,27.8057111362,8224153.100719801,0.0
492143 (2013 OE),17.65,784.4314124479,1754.0419619197,15.0242078417,30020909.92046483,0.0
(2003 SS84),21.95,108.2816778403,242.1251923687,14.4539260002,9279187.722769352,1.0
(2007 EG),24.55,32.7005439282,73.1206391247,20.9402711415,36052165.004187874,0.0
(2008 CZ21),20.4,221.0828103591,494.3561926196,9.4257615066,41161178.05884866,0.0
(2010 GV147),18.27,589.5966083829,1318.3780956475,33.3630333279,36823853.31863693,0.0
598001 (2008 CZ21),20.5,211.1324447897,472.1064988055,9.4257614253,41161178.05884866,0.0
(2024 CW2),24.333,36.1372397151,80.8053245222,20.9539851982,36087915.43535225,0.0
5660 (1974 MA),15.52,2091.9677090096,4677.7820040799,32.6611451714,38024284.25338445,0.0
459872 (2014 EK24),23.36,56.5659358422,126.4852777541,9.8622878679,24281308.799931686,0.0
(2005 YO3),25.1,25.3837029364,56.7596852866,17.4025528367,29360709.33248061,0.0
417210 (2005 XV77),20.56,205.3784995184,459.2402860401,18.7529851851,29118230.5709134,0.0
504074 (2006 AD),16.67,1231.8419126591,2754.482254239,29.1763907219,38269530.81125762,0.0
(2008 UW91),21.71,120.9358263879,270.4207287184,19.7081049179,43442809.91279713,1.0
162080 (1998 DG16),19.95,271.9912773482,608.1909854376,10.8551692328,20743245.95715417,0.0
234341 (2001 FZ57),18.95,431.077123878,963.9177525363,23.0572831696,33020161.6936118,0.0
340666 (2006 RO36),17.82,725.3622946704,1621.9593991982,12.9279553001,36832154.420842014,0.0
424965 (2009 AM15),18.76,470.4949611208,1052.0587161372,15.0230759412,42781097.16623881,0.0
159454 (2000 DJ8),18.15,623.096019112,1393.285055244,19.566406171,31620696.715164967,0.0
(2004 KG1),23.96,42.9096504404,95.9488952756,17.6594595281,43386038.76241807,0.0
(2010 FO28),20.16,246.9192656061,552.1282628496,3.347597596,30899913.751573373,0.0
152828 (1999 VT25),21.28,147.4195145042,329.6400556414,13.6191200038,33720250.110616386,1.0
436037 (2009 NJ),18.69,485.9090374507,1086.5256386213,31.1073593224,37668963.39925898,0.0
(2003 LH),25.2,24.2412481101,54.2050786336,5.9888119134,21143607.524563067,0.0
190119 (2004 VA64),17.05,1034.0819953948,2312.2776360114,34.3400877947,45305159.435439765,0.0
437316 (2013 OS3),18.5,530.3407233187,1185.8779085771,17.8848921601,8989786.404104142,0.0
(2003 SK84),21.23,150.8533561176,337.3183589129,17.7378172716,30151195.922961008,1.0
137199 (1999 KX4),16.98,1067.9599752365,2388.0311018778,9.0010845941,21304088.101245973,0.0
331876 (2004 CL),20.56,205.3784995184,459.2402860401,20.7594895741,10409560.552957464,1.0
501647 (2014 SD224),22.36,89.6509666415,200.465655659,5.6354281077,20817998.246256348,0.0
(2009 SP),19.4,350.3926411083,783.5017643338,11.0018568069,45086050.06095953,0.0
531899 (2013 BE19),19.78,294.1406017813,657.7183805256,21.5865327898,20919594.65695169,1.0
(2002 DQ3),23.8,46.1907460282,103.2856480504,6.5689614541,15488336.143622644,0.0
(2002 RS129),22.89,70.2352247696,157.0507369998,12.2934495057,8135463.138908528,0.0
(2006 QV89),25.5,21.113244479,47.2106498806,2.8597030517,20216545.71836856,0.0
(2009 DO1),23.1,63.7609789875,142.5738833281,11.8805841058,25459235.27348032,0.0
(2018 NP1),20.94,172.4070324371,385.5138443284,17.6558345188,20433304.593747105,0.0
585428 (2018 NP1),20.97,170.0415192713,380.2243960879,17.6558362062,20433310.11532198,0.0
143527 (2003 EN16),18.66,492.6687055037,1101.640715893,6.8098446695,39760920.74370266,0.0
366746 (2004 LJ),20.16,246.9192656061,552.1282628496,17.0531079078,41605871.9605258,1.0
484462 (2008 CM20),21.46,135.6922289935,303.4170480479,14.3311846106,17549403.362765625,0.0
515767 (2015 JA2),21.17,155.079708716,346.7687706198,20.6532760301,25602203.82221065,1.0
438661 (2008 EP6),19.25,375.4524793607,839.5372661714,11.107565124,8589342.691649482,1.0
509505 (2007 VL8),21.23,150.8533561176,337.3183589129,25.7405770096,45415409.25084496,0.0
203015 (1999 YF3),18.64,497.2273129092,1111.8340719346,13.6704714683,34530868.88364865,0.0
416002 (2002 BN),20.47,214.0695896707,478.6741544192,17.1258177194,19163779.348123528,0.0
(2006 YU1),21.0,167.7084621628,375.0075217981,7.6664294518,29646819.318444874,0.0
(2007 AM),21.82,114.9621762891,257.0632410238,29.1775994175,46018046.72357416,0.0
85990 (1999 JV6),20.27,234.7226375313,524.8557733779,18.4882761893,26802276.81203601,1.0
162004 (1991 VE),18.3,581.5070396458,1300.2892700427,15.7027737084,22474930.74746024,0.0
248926 (2006 WZ2),17.13,996.6782399685,2228.6402962644,9.247265277,46204063.03169845,0.0
526742 (2006 WR127),20.49,212.1069878758,474.2856433931,13.0120331133,18009684.252017703,0.0
(2008 XP),21.16,155.7955241278,348.36938254,4.7737486088,34797694.5741499,0.0
(2016 WE1),19.5,334.6223744549,748.2383760735,1.3700577669,35390919.843924895,0.0
564934 (2016 WE1),19.52,331.5545380858,741.3784854083,1.3700517441,35390912.82576154,0.0
154652 (2004 EP20),18.92,437.0740040305,977.3271842103,25.0503325038,38910534.20336905,0.0
427778 (2005 BE),20.11,252.6707541538,564.9889822141,16.6658803097,24158595.79540336,0.0
(2008 CL20),25.3,23.150212221,51.7654482198,18.5324136029,36321357.32162314,0.0
(2009 BH2),22.57,81.3869880675,181.9868378029,17.9881152491,3633642.8004764817,0.0
(2006 DY),18.39,557.8982210671,1247.4983468323,16.1970134393,34052562.887577206,0.0
(2008 CC175),21.49,133.8304618158,299.2540100804,13.2936677491,41601031.1660858,0.0
(2022 CL12),23.03,65.8498782919,147.2448041708,5.737602215,46091767.03590928,0.0
613949 (2008 CC175),21.42,138.2149358786,309.0579921303,13.2936677427,41601031.1660858,0.0
416591 (2004 LC2),18.66,492.6687055037,1101.640715893,18.5987778752,19052572.617764648,1.0
506491 (2003 UW29),20.77,186.44681832,416.9077599521,37.6221532439,23499142.98110493,1.0
(2003 BM4),24.95,27.1991277348,60.8190985438,7.4607851569,35713371.62730014,0.0
(2022 CV2),22.99,67.0741189325,149.9822894641,8.9136536773,12371467.714489195,0.0
468541 (2006 QA31),20.09,255.0086878569,570.2167609011,16.0856017699,30851795.476056047,0.0
(2004 RO111),23.3,58.1507039646,130.0289270043,12.2103040325,31904408.738793008,0.0
(2008 LW16),19.95,271.9912773482,608.1909854376,16.5245482445,10553769.234391231,1.0
99942 Apophis (2004 MN4),19.09,404.1615334029,903.7326625794,19.581321395,41616852.18849352,1.0
538644 (2016 FA4),19.46,340.84346887,762.1491660801,24.1095895519,24998623.452263296,0.0
(2007 TE66),21.57,128.9896833431,288.4297003513,10.5370612492,21278265.82423701,0.0
613829 (2007 TE66),21.57,128.9896833431,288.4297003513,10.5370627008,21278270.31400244,0.0
281365 (2008 CM116),17.53,829.0008514522,1853.7022572523,30.542549211,41695803.89556546,0.0
481442 (2006 WO3),21.58,128.3970295822,287.1044862548,22.7517827178,38598084.35317242,0.0
512244 (2015 YE18),17.81,728.7104148984,1629.446023625,34.7839542158,40151799.68483872,0.0
(2009 AH16),17.83,722.0295576574,1614.5071726861,24.1143473415,31180730.22973125,0.0
(2004 BT58),22.19,96.9515990928,216.7903660989,13.2162436298,8548253.604043752,0.0
(2007 JH22),21.83,114.4339730687,255.882142717,19.4770832225,20305584.868665066,1.0
438452 (2007 AS12),19.25,375.4524793607,839.5372661714,11.1477504713,39367689.909127824,0.0
(2020 BR7),20.8,183.8886720703,411.1875710413,30.9246725424,22872346.35946539,0.0
90367 (2003 LC5),17.97,676.9474811371,1513.7005850198,14.5997986563,17431038.775068488,0.0
456946 (2008 AF32),21.26,148.7835704774,332.6901775226,15.2535630716,22578111.236636795,0.0
488490 (2000 AF205),21.9,110.8038821264,247.7650126055,5.9207250831,20876680.72603164,1.0
(2004 XG29),25.66,19.6134944368,43.8571068371,16.9179823354,35217501.055359006,0.0
(2005 RK3),23.73,47.7040198012,106.6694310755,5.6364896214,32755515.807465672,0.0
(2008 PG2),22.76,74.5684260968,166.7400697275,4.7374121374,15965171.820528263,0.0
329340 (2001 LM5),19.31,365.2203569583,816.6575449256,6.6581776669,22893554.57983636,0.0
(1996 AE2),20.23,239.0864571707,534.6135707332,19.5708048044,14674079.071047956,0.0
18172 (2000 QL7),15.7,1925.5507818793,4305.66244241,8.7595493917,34152574.764307894,0.0
86450 (2000 CK33),18.45,542.6939456932,1213.5005535475,17.8884242209,16049401.595447209,0.0
307070 (2002 AV31),20.64,197.9497586642,442.6291165029,8.3115849609,25966946.983586445,0.0
417871 (2007 MB24),18.32,576.1757510611,1288.3681463596,25.52151039,37762513.39736209,1.0
(2000 HB24),23.7,48.3676488219,108.1533506775,19.0305618158,45553010.27106059,0.0
(2004 BZ74),18.27,589.5966083829,1318.3780956475,34.0481029676,23163537.560766287,0.0
(2006 PY17),19.2,384.1978910643,859.0926012318,14.8480001139,25925675.247117504,1.0
613450 (2006 PY17),19.3,366.9061375314,820.4270648822,14.8480007071,25925676.957504336,1.0
